,image,tile_index,input_directory,label_directory,gbmw,fpw,sdd,gbml
0,R27-7056_12000X0003.jpg,1.png,inputs,labels,144.8005952,218.5561635,2.710850007,1.905462354836166
1,R27-7056_12000X0003.jpg,2.png,inputs,labels,144.8005952,218.5561635,2.710850007,1.905462354836166
2,R27-7056_12000X0003.jpg,3.png,inputs,labels,144.8005952,218.5561635,2.710850007,1.905462354836166
3,R27-7056_12000X0003.jpg,4.png,inputs,labels,144.8005952,218.5561635,2.710850007,1.905462354836166
4,R27-7056_12000X0003.jpg,5.png,inputs,labels,144.8005952,218.5561635,2.710850007,1.905462354836166
5,R27-7056_12000X0003.jpg,6.png,inputs,labels,144.8005952,218.5561635,2.710850007,1.905462354836166
6,R27-7056_12000X0003.jpg,7.png,inputs,labels,144.8005952,218.5561635,2.710850007,1.905462354836166
7,R27-7056_12000X0003.jpg,8.png,inputs,labels,144.8005952,218.5561635,2.710850007,1.905462354836166
8,R27-7056_12000X0003.jpg,9.png,inputs,labels,144.8005952,218.5561635,2.710850007,1.905462354836166
9,R27-7056_12000X0003.jpg,10.png,inputs,labels,144.8005952,218.5561635,2.710850007,1.905462354836166
10,R27-7056_12000X0003.jpg,11.png,inputs,labels,144.8005952,218.5561635,2.710850007,1.905462354836166
11,R27-7056_12000X0003.jpg,12.png,inputs,labels,144.8005952,218.5561635,2.710850007,1.905462354836166
12,R27-7056_12000X0003.jpg,13.png,inputs,labels,144.8005952,218.5561635,2.710850007,1.905462354836166
13,R27-7056_12000X0003.jpg,14.png,inputs,labels,144.8005952,218.5561635,2.710850007,1.905462354836166
14,R27-7056_12000X0004.jpg,15.png,inputs,labels,,205.9613588,2.661015,2.7133677052005543
15,R27-7056_12000X0004.jpg,16.png,inputs,labels,,205.9613588,2.661015,2.7133677052005543
16,R27-7056_12000X0004.jpg,17.png,inputs,labels,,205.9613588,2.661015,2.7133677052005543
17,R27-7056_12000X0004.jpg,18.png,inputs,labels,,205.9613588,2.661015,2.7133677052005543
18,R27-7056_12000X0004.jpg,19.png,inputs,labels,,205.9613588,2.661015,2.7133677052005543
19,R27-7056_12000X0004.jpg,20.png,inputs,labels,,205.9613588,2.661015,2.7133677052005543
20,R27-7056_12000X0004.jpg,21.png,inputs,labels,,205.9613588,2.661015,2.7133677052005543
21,R27-7056_12000X0004.jpg,22.png,inputs,labels,,205.9613588,2.661015,2.7133677052005543
22,R27-7056_12000X0004.jpg,23.png,inputs,labels,,205.9613588,2.661015,2.7133677052005543
23,R27-7056_12000X0004.jpg,24.png,inputs,labels,,205.9613588,2.661015,2.7133677052005543
24,R27-7056_12000X0004.jpg,25.png,inputs,labels,,205.9613588,2.661015,2.7133677052005543
25,R27-7056_12000X0004.jpg,26.png,inputs,labels,,205.9613588,2.661015,2.7133677052005543
26,R27-7056_12000X0004.jpg,27.png,inputs,labels,,205.9613588,2.661015,2.7133677052005543
27,R27-7056_12000X0004.jpg,28.png,inputs,labels,,205.9613588,2.661015,2.7133677052005543
28,R27-7056_12000X0004.jpg,29.png,inputs,labels,,205.9613588,2.661015,2.7133677052005543
29,R27-7056_12000X0007.jpg,30.png,inputs,labels,138.1435185,255.331056,2.451335418,1.5660597472375222
30,R27-7056_12000X0007.jpg,31.png,inputs,labels,138.1435185,255.331056,2.451335418,1.5660597472375222
31,R27-7056_12000X0007.jpg,32.png,inputs,labels,138.1435185,255.331056,2.451335418,1.5660597472375222
32,R27-7056_12000X0007.jpg,33.png,inputs,labels,138.1435185,255.331056,2.451335418,1.5660597472375222
33,R27-7056_12000X0007.jpg,34.png,inputs,labels,138.1435185,255.331056,2.451335418,1.5660597472375222
34,R27-7056_12000X0007.jpg,35.png,inputs,labels,138.1435185,255.331056,2.451335418,1.5660597472375222
35,R27-7056_12000X0007.jpg,36.png,inputs,labels,138.1435185,255.331056,2.451335418,1.5660597472375222
36,R27-7056_12000X0007.jpg,37.png,inputs,labels,138.1435185,255.331056,2.451335418,1.5660597472375222
37,R27-7056_12000X0007.jpg,38.png,inputs,labels,138.1435185,255.331056,2.451335418,1.5660597472375222
38,R27-7056_12000X0007.jpg,39.png,inputs,labels,138.1435185,255.331056,2.451335418,1.5660597472375222
39,R27-7056_12000X0007.jpg,40.png,inputs,labels,138.1435185,255.331056,2.451335418,1.5660597472375222
40,R27-7056_12000X0007.jpg,41.png,inputs,labels,138.1435185,255.331056,2.451335418,1.5660597472375222
41,R27-7056_12000X0007.jpg,42.png,inputs,labels,138.1435185,255.331056,2.451335418,1.5660597472375222
42,R27-7056_12000X0008.jpg,43.png,inputs,labels,134.46875,214.7746945,2.257404415,2.6988089638315365
43,R27-7056_12000X0008.jpg,44.png,inputs,labels,134.46875,214.7746945,2.257404415,2.6988089638315365
44,R27-7056_12000X0008.jpg,45.png,inputs,labels,134.46875,214.7746945,2.257404415,2.6988089638315365
45,R27-7056_12000X0008.jpg,46.png,inputs,labels,134.46875,214.7746945,2.257404415,2.6988089638315365
46,R27-7056_12000X0008.jpg,47.png,inputs,labels,134.46875,214.7746945,2.257404415,2.6988089638315365
47,R27-7056_12000X0008.jpg,48.png,inputs,labels,134.46875,214.7746945,2.257404415,2.6988089638315365
48,R27-7056_12000X0008.jpg,49.png,inputs,labels,134.46875,214.7746945,2.257404415,2.6988089638315365
49,R27-7056_12000X0008.jpg,50.png,inputs,labels,134.46875,214.7746945,2.257404415,2.6988089638315365
50,R27-7056_12000X0008.jpg,51.png,inputs,labels,134.46875,214.7746945,2.257404415,2.6988089638315365
51,R27-7056_12000X0008.jpg,52.png,inputs,labels,134.46875,214.7746945,2.257404415,2.6988089638315365
52,R27-7056_12000X0008.jpg,53.png,inputs,labels,134.46875,214.7746945,2.257404415,2.6988089638315365
53,R27-7056_12000X0008.jpg,54.png,inputs,labels,134.46875,214.7746945,2.257404415,2.6988089638315365
54,R27-7056_12000X0008.jpg,55.png,inputs,labels,134.46875,214.7746945,2.257404415,2.6988089638315365
55,R27-7056_12000X0008.jpg,56.png,inputs,labels,134.46875,214.7746945,2.257404415,2.6988089638315365
56,R27-7056_12000X0008.jpg,57.png,inputs,labels,134.46875,214.7746945,2.257404415,2.6988089638315365
57,R27-7056_12000X0009.jpg,58.png,inputs,labels,,,,
58,R27-7056_12000X0009.jpg,59.png,inputs,labels,,,,
59,R27-7056_12000X0009.jpg,60.png,inputs,labels,,,,
60,R27-7056_12000X0009.jpg,61.png,inputs,labels,,,,
61,R27-7056_12000X0009.jpg,62.png,inputs,labels,,,,
62,R27-7056_12000X0009.jpg,63.png,inputs,labels,,,,
63,R27-7056_12000X0009.jpg,64.png,inputs,labels,,,,
64,R27-7056_12000X0009.jpg,65.png,inputs,labels,,,,
65,R27-7056_12000X0009.jpg,66.png,inputs,labels,,,,
66,R27-7056_12000X0009.jpg,67.png,inputs,labels,,,,
67,R27-7056_12000X0009.jpg,68.png,inputs,labels,,,,
68,R27-7056_12000X0009.jpg,69.png,inputs,labels,,,,
69,R27-7056_12000X0011.jpg,70.png,inputs,labels,155.8368056,206.7522209,2.837081851,2.5069934703026617
70,R27-7056_12000X0011.jpg,71.png,inputs,labels,155.8368056,206.7522209,2.837081851,2.5069934703026617
71,R27-7056_12000X0011.jpg,72.png,inputs,labels,155.8368056,206.7522209,2.837081851,2.5069934703026617
72,R27-7056_12000X0011.jpg,73.png,inputs,labels,155.8368056,206.7522209,2.837081851,2.5069934703026617
73,R27-7056_12000X0011.jpg,74.png,inputs,labels,155.8368056,206.7522209,2.837081851,2.5069934703026617
74,R27-7056_12000X0011.jpg,75.png,inputs,labels,155.8368056,206.7522209,2.837081851,2.5069934703026617
75,R27-7056_12000X0011.jpg,76.png,inputs,labels,155.8368056,206.7522209,2.837081851,2.5069934703026617
76,R27-7056_12000X0011.jpg,77.png,inputs,labels,155.8368056,206.7522209,2.837081851,2.5069934703026617
77,R27-7056_12000X0011.jpg,78.png,inputs,labels,155.8368056,206.7522209,2.837081851,2.5069934703026617
78,R27-7056_12000X0011.jpg,79.png,inputs,labels,155.8368056,206.7522209,2.837081851,2.5069934703026617
79,R27-7056_12000X0011.jpg,80.png,inputs,labels,155.8368056,206.7522209,2.837081851,2.5069934703026617
80,R27-7056_12000X0011.jpg,81.png,inputs,labels,155.8368056,206.7522209,2.837081851,2.5069934703026617
81,R27-7056_12000X0011.jpg,82.png,inputs,labels,155.8368056,206.7522209,2.837081851,2.5069934703026617
82,R27-7056_12000X0011.jpg,83.png,inputs,labels,155.8368056,206.7522209,2.837081851,2.5069934703026617
83,R27-7056_12000X0011.jpg,84.png,inputs,labels,155.8368056,206.7522209,2.837081851,2.5069934703026617
84,R27-7056_12000X0012.jpg,85.png,inputs,labels,136.1369048,,,
85,R27-7056_12000X0012.jpg,86.png,inputs,labels,136.1369048,,,
86,R27-7056_12000X0012.jpg,87.png,inputs,labels,136.1369048,,,
87,R27-7056_12000X0012.jpg,88.png,inputs,labels,136.1369048,,,
88,R27-7056_12000X0012.jpg,89.png,inputs,labels,136.1369048,,,
89,R27-7056_12000X0012.jpg,90.png,inputs,labels,136.1369048,,,
90,R27-7056_12000X0012.jpg,91.png,inputs,labels,136.1369048,,,
91,R27-7056_12000X0012.jpg,92.png,inputs,labels,136.1369048,,,
92,R27-7056_12000X0012.jpg,93.png,inputs,labels,136.1369048,,,
93,R27-7056_12000X0012.jpg,94.png,inputs,labels,136.1369048,,,
94,R27-7056_12000X0012.jpg,95.png,inputs,labels,136.1369048,,,
95,R27-7056_12000X0012.jpg,96.png,inputs,labels,136.1369048,,,
96,R27-7056_12000X0012.jpg,97.png,inputs,labels,136.1369048,,,
97,R27-7056_12000X0013.jpg,98.png,inputs,labels,148.7986111,,,
98,R27-7056_12000X0013.jpg,99.png,inputs,labels,148.7986111,,,
99,R27-7056_12000X0013.jpg,100.png,inputs,labels,148.7986111,,,
100,R27-7056_12000X0013.jpg,101.png,inputs,labels,148.7986111,,,
101,R27-7056_12000X0013.jpg,102.png,inputs,labels,148.7986111,,,
102,R27-7056_12000X0013.jpg,103.png,inputs,labels,148.7986111,,,
103,R27-7056_12000X0013.jpg,104.png,inputs,labels,148.7986111,,,
104,R27-7056_12000X0013.jpg,105.png,inputs,labels,148.7986111,,,
105,R27-7056_12000X0013.jpg,106.png,inputs,labels,148.7986111,,,
106,R27-7056_12000X0013.jpg,107.png,inputs,labels,148.7986111,,,
107,R27-7056_12000X0013.jpg,108.png,inputs,labels,148.7986111,,,
108,R27-7056_12000X0013.jpg,109.png,inputs,labels,148.7986111,,,
109,R27-7056_12000X0013.jpg,110.png,inputs,labels,148.7986111,,,
110,R27-7056_12000X0013.jpg,111.png,inputs,labels,148.7986111,,,
111,R28-9045_12000X0002.jpg,112.png,inputs,labels,169.7463471,217.1675041,2.705808916,2.151818090989986
112,R28-9045_12000X0002.jpg,113.png,inputs,labels,169.7463471,217.1675041,2.705808916,2.151818090989986
113,R28-9045_12000X0002.jpg,114.png,inputs,labels,169.7463471,217.1675041,2.705808916,2.151818090989986
114,R28-9045_12000X0002.jpg,115.png,inputs,labels,169.7463471,217.1675041,2.705808916,2.151818090989986
115,R28-9045_12000X0002.jpg,116.png,inputs,labels,169.7463471,217.1675041,2.705808916,2.151818090989986
116,R28-9045_12000X0002.jpg,117.png,inputs,labels,169.7463471,217.1675041,2.705808916,2.151818090989986
117,R28-9045_12000X0002.jpg,118.png,inputs,labels,169.7463471,217.1675041,2.705808916,2.151818090989986
118,R28-9045_12000X0002.jpg,119.png,inputs,labels,169.7463471,217.1675041,2.705808916,2.151818090989986
119,R28-9045_12000X0002.jpg,120.png,inputs,labels,169.7463471,217.1675041,2.705808916,2.151818090989986
120,R28-9045_12000X0002.jpg,121.png,inputs,labels,169.7463471,217.1675041,2.705808916,2.151818090989986
121,R28-9045_12000X0002.jpg,122.png,inputs,labels,169.7463471,217.1675041,2.705808916,2.151818090989986
122,R28-9045_12000X0002.jpg,123.png,inputs,labels,169.7463471,217.1675041,2.705808916,2.151818090989986
123,R28-9045_12000X0002.jpg,124.png,inputs,labels,169.7463471,217.1675041,2.705808916,2.151818090989986
124,R28-9045_12000X0003.jpg,125.png,inputs,labels,185.3658435,229.6688538,2.506186189,1.2494814032597799
125,R28-9045_12000X0003.jpg,126.png,inputs,labels,185.3658435,229.6688538,2.506186189,1.2494814032597799
126,R28-9045_12000X0003.jpg,127.png,inputs,labels,185.3658435,229.6688538,2.506186189,1.2494814032597799
127,R28-9045_12000X0003.jpg,128.png,inputs,labels,185.3658435,229.6688538,2.506186189,1.2494814032597799
128,R28-9045_12000X0003.jpg,129.png,inputs,labels,185.3658435,229.6688538,2.506186189,1.2494814032597799
129,R28-9045_12000X0003.jpg,130.png,inputs,labels,185.3658435,229.6688538,2.506186189,1.2494814032597799
130,R28-9045_12000X0003.jpg,131.png,inputs,labels,185.3658435,229.6688538,2.506186189,1.2494814032597799
131,R28-9045_12000X0003.jpg,132.png,inputs,labels,185.3658435,229.6688538,2.506186189,1.2494814032597799
132,R28-9045_12000X0003.jpg,133.png,inputs,labels,185.3658435,229.6688538,2.506186189,1.2494814032597799
133,R28-9045_12000X0003.jpg,134.png,inputs,labels,185.3658435,229.6688538,2.506186189,1.2494814032597799
134,R28-9045_12000X0003.jpg,135.png,inputs,labels,185.3658435,229.6688538,2.506186189,1.2494814032597799
135,R28-9045_12000X0003.jpg,136.png,inputs,labels,185.3658435,229.6688538,2.506186189,1.2494814032597799
136,R28-9045_12000X0003.jpg,137.png,inputs,labels,185.3658435,229.6688538,2.506186189,1.2494814032597799
137,R28-9045_12000X0003.jpg,138.png,inputs,labels,185.3658435,229.6688538,2.506186189,1.2494814032597799
138,R28-9045_12000X0003.jpg,139.png,inputs,labels,185.3658435,229.6688538,2.506186189,1.2494814032597799
139,R28-9045_12000X0004.jpg,140.png,inputs,labels,165.6337039,,,
140,R28-9045_12000X0004.jpg,141.png,inputs,labels,165.6337039,,,
141,R28-9045_12000X0004.jpg,142.png,inputs,labels,165.6337039,,,
142,R28-9045_12000X0004.jpg,143.png,inputs,labels,165.6337039,,,
143,R28-9045_12000X0004.jpg,144.png,inputs,labels,165.6337039,,,
144,R28-9045_12000X0004.jpg,145.png,inputs,labels,165.6337039,,,
145,R28-9045_12000X0004.jpg,146.png,inputs,labels,165.6337039,,,
146,R28-9045_12000X0004.jpg,147.png,inputs,labels,165.6337039,,,
147,R28-9045_12000X0004.jpg,148.png,inputs,labels,165.6337039,,,
148,R28-9045_12000X0004.jpg,149.png,inputs,labels,165.6337039,,,
149,R28-9045_12000X0004.jpg,150.png,inputs,labels,165.6337039,,,
150,R28-9045_12000X0004.jpg,151.png,inputs,labels,165.6337039,,,
151,R28-9045_12000X0004.jpg,152.png,inputs,labels,165.6337039,,,
152,R28-9045_12000X0004.jpg,153.png,inputs,labels,165.6337039,,,
153,R28-9045_12000X0004.jpg,154.png,inputs,labels,165.6337039,,,
154,R28-9045_12000X0006.jpg,155.png,inputs,labels,148.2420881,262.4655999,2.434092629,3.748328706112932
155,R28-9045_12000X0006.jpg,156.png,inputs,labels,148.2420881,262.4655999,2.434092629,3.748328706112932
156,R28-9045_12000X0006.jpg,157.png,inputs,labels,148.2420881,262.4655999,2.434092629,3.748328706112932
157,R28-9045_12000X0006.jpg,158.png,inputs,labels,148.2420881,262.4655999,2.434092629,3.748328706112932
158,R28-9045_12000X0006.jpg,159.png,inputs,labels,148.2420881,262.4655999,2.434092629,3.748328706112932
159,R28-9045_12000X0006.jpg,160.png,inputs,labels,148.2420881,262.4655999,2.434092629,3.748328706112932
160,R28-9045_12000X0006.jpg,161.png,inputs,labels,148.2420881,262.4655999,2.434092629,3.748328706112932
161,R28-9045_12000X0006.jpg,162.png,inputs,labels,148.2420881,262.4655999,2.434092629,3.748328706112932
162,R28-9045_12000X0006.jpg,163.png,inputs,labels,148.2420881,262.4655999,2.434092629,3.748328706112932
163,R28-9045_12000X0006.jpg,164.png,inputs,labels,148.2420881,262.4655999,2.434092629,3.748328706112932
164,R28-9045_12000X0006.jpg,165.png,inputs,labels,148.2420881,262.4655999,2.434092629,3.748328706112932
165,R28-9045_12000X0006.jpg,166.png,inputs,labels,148.2420881,262.4655999,2.434092629,3.748328706112932
166,R28-9045_12000X0007.jpg,167.png,inputs,labels,130.8100603,,,
167,R28-9045_12000X0007.jpg,168.png,inputs,labels,130.8100603,,,
168,R28-9045_12000X0007.jpg,169.png,inputs,labels,130.8100603,,,
169,R28-9045_12000X0007.jpg,170.png,inputs,labels,130.8100603,,,
170,R28-9045_12000X0007.jpg,171.png,inputs,labels,130.8100603,,,
171,R28-9045_12000X0007.jpg,172.png,inputs,labels,130.8100603,,,
172,R28-9045_12000X0007.jpg,173.png,inputs,labels,130.8100603,,,
173,R28-9045_12000X0007.jpg,174.png,inputs,labels,130.8100603,,,
174,R28-9045_12000X0007.jpg,175.png,inputs,labels,130.8100603,,,
175,R28-9045_12000X0007.jpg,176.png,inputs,labels,130.8100603,,,
176,R28-9045_12000X0007.jpg,177.png,inputs,labels,130.8100603,,,
177,R28-9045_12000X0007.jpg,178.png,inputs,labels,130.8100603,,,
178,R28-9045_12000X0007.jpg,179.png,inputs,labels,130.8100603,,,
179,R28-9045_12000X0007.jpg,180.png,inputs,labels,130.8100603,,,
180,R28-9045_12000X0007.jpg,181.png,inputs,labels,130.8100603,,,
181,R28-9045_12000X0008.jpg,182.png,inputs,labels,143.023798,194.1889686,2.859377406,3.781721154777594
182,R28-9045_12000X0008.jpg,183.png,inputs,labels,143.023798,194.1889686,2.859377406,3.781721154777594
183,R28-9045_12000X0008.jpg,184.png,inputs,labels,143.023798,194.1889686,2.859377406,3.781721154777594
184,R28-9045_12000X0008.jpg,185.png,inputs,labels,143.023798,194.1889686,2.859377406,3.781721154777594
185,R28-9045_12000X0008.jpg,186.png,inputs,labels,143.023798,194.1889686,2.859377406,3.781721154777594
186,R28-9045_12000X0008.jpg,187.png,inputs,labels,143.023798,194.1889686,2.859377406,3.781721154777594
187,R28-9045_12000X0008.jpg,188.png,inputs,labels,143.023798,194.1889686,2.859377406,3.781721154777594
188,R28-9045_12000X0008.jpg,189.png,inputs,labels,143.023798,194.1889686,2.859377406,3.781721154777594
189,R28-9045_12000X0008.jpg,190.png,inputs,labels,143.023798,194.1889686,2.859377406,3.781721154777594
190,R28-9045_12000X0008.jpg,191.png,inputs,labels,143.023798,194.1889686,2.859377406,3.781721154777594
191,R28-9045_12000X0008.jpg,192.png,inputs,labels,143.023798,194.1889686,2.859377406,3.781721154777594
192,R28-9045_12000X0008.jpg,193.png,inputs,labels,143.023798,194.1889686,2.859377406,3.781721154777594
193,R28-9045_12000X0009.jpg,194.png,inputs,labels,134.5633604,,,
194,R28-9045_12000X0009.jpg,195.png,inputs,labels,134.5633604,,,
195,R28-9045_12000X0009.jpg,196.png,inputs,labels,134.5633604,,,
196,R28-9045_12000X0009.jpg,197.png,inputs,labels,134.5633604,,,
197,R28-9045_12000X0009.jpg,198.png,inputs,labels,134.5633604,,,
198,R28-9045_12000X0009.jpg,199.png,inputs,labels,134.5633604,,,
199,R28-9045_12000X0009.jpg,200.png,inputs,labels,134.5633604,,,
200,R28-9045_12000X0009.jpg,201.png,inputs,labels,134.5633604,,,
201,R28-9045_12000X0009.jpg,202.png,inputs,labels,134.5633604,,,
202,R28-9045_12000X0009.jpg,203.png,inputs,labels,134.5633604,,,
203,R28-9045_12000X0009.jpg,204.png,inputs,labels,134.5633604,,,
204,R28-9045_12000X0009.jpg,205.png,inputs,labels,134.5633604,,,
205,R28-9045_12000X0010.jpg,206.png,inputs,labels,169.5980935,231.9898905,2.762158165,1.9422810709739917
206,R28-9045_12000X0010.jpg,207.png,inputs,labels,169.5980935,231.9898905,2.762158165,1.9422810709739917
207,R28-9045_12000X0010.jpg,208.png,inputs,labels,169.5980935,231.9898905,2.762158165,1.9422810709739917
208,R28-9045_12000X0010.jpg,209.png,inputs,labels,169.5980935,231.9898905,2.762158165,1.9422810709739917
209,R28-9045_12000X0010.jpg,210.png,inputs,labels,169.5980935,231.9898905,2.762158165,1.9422810709739917
210,R28-9045_12000X0010.jpg,211.png,inputs,labels,169.5980935,231.9898905,2.762158165,1.9422810709739917
211,R28-9045_12000X0010.jpg,212.png,inputs,labels,169.5980935,231.9898905,2.762158165,1.9422810709739917
212,R28-9045_12000X0010.jpg,213.png,inputs,labels,169.5980935,231.9898905,2.762158165,1.9422810709739917
213,R28-9045_12000X0010.jpg,214.png,inputs,labels,169.5980935,231.9898905,2.762158165,1.9422810709739917
214,R28-9045_12000X0010.jpg,215.png,inputs,labels,169.5980935,231.9898905,2.762158165,1.9422810709739917
215,R28-9045_12000X0010.jpg,216.png,inputs,labels,169.5980935,231.9898905,2.762158165,1.9422810709739917
216,R28-9045_12000X0010.jpg,217.png,inputs,labels,169.5980935,231.9898905,2.762158165,1.9422810709739917
217,R28-9045_12000X0010.jpg,218.png,inputs,labels,169.5980935,231.9898905,2.762158165,1.9422810709739917
218,R28-9045_12000X0010.jpg,219.png,inputs,labels,169.5980935,231.9898905,2.762158165,1.9422810709739917
219,R28-9045_12000X0010.jpg,220.png,inputs,labels,169.5980935,231.9898905,2.762158165,1.9422810709739917
220,R28-9045_12000X0011.jpg,221.png,inputs,labels,168.1735631,,,
221,R28-9045_12000X0011.jpg,222.png,inputs,labels,168.1735631,,,
222,R28-9045_12000X0011.jpg,223.png,inputs,labels,168.1735631,,,
223,R28-9045_12000X0011.jpg,224.png,inputs,labels,168.1735631,,,
224,R28-9045_12000X0011.jpg,225.png,inputs,labels,168.1735631,,,
225,R28-9045_12000X0011.jpg,226.png,inputs,labels,168.1735631,,,
226,R28-9045_12000X0011.jpg,227.png,inputs,labels,168.1735631,,,
227,R28-9045_12000X0011.jpg,228.png,inputs,labels,168.1735631,,,
228,R28-9045_12000X0011.jpg,229.png,inputs,labels,168.1735631,,,
229,R28-9045_12000X0011.jpg,230.png,inputs,labels,168.1735631,,,
230,R28-9045_12000X0011.jpg,231.png,inputs,labels,168.1735631,,,
231,R28-9045_12000X0011.jpg,232.png,inputs,labels,168.1735631,,,
232,R28-9045_12000X0011.jpg,233.png,inputs,labels,168.1735631,,,
233,R28-9045_12000X0011.jpg,234.png,inputs,labels,168.1735631,,,
234,R28-9045_12000X0011.jpg,235.png,inputs,labels,168.1735631,,,
235,R28-9045_12000X0012.jpg,236.png,inputs,labels,,,,
236,R28-9045_12000X0012.jpg,237.png,inputs,labels,,,,
237,R28-9045_12000X0012.jpg,238.png,inputs,labels,,,,
238,R28-9045_12000X0012.jpg,239.png,inputs,labels,,,,
239,R28-9045_12000X0012.jpg,240.png,inputs,labels,,,,
240,R28-9045_12000X0012.jpg,241.png,inputs,labels,,,,
241,R28-9045_12000X0012.jpg,242.png,inputs,labels,,,,
242,R28-9045_12000X0012.jpg,243.png,inputs,labels,,,,
243,R28-9045_12000X0012.jpg,244.png,inputs,labels,,,,
244,R28-9045_12000X0012.jpg,245.png,inputs,labels,,,,
245,R28-9045_12000X0012.jpg,246.png,inputs,labels,,,,
246,R28-9045_12000X0012.jpg,247.png,inputs,labels,,,,
247,R28-9045_12000X0012.jpg,248.png,inputs,labels,,,,
248,R28-9045_12000X0012.jpg,249.png,inputs,labels,,,,
249,R29-9143_12000X0003.jpg,250.png,inputs,labels,165.5289087,214.1500021,2.845044428,4.7113748555401616
250,R29-9143_12000X0003.jpg,251.png,inputs,labels,165.5289087,214.1500021,2.845044428,4.7113748555401616
251,R29-9143_12000X0003.jpg,252.png,inputs,labels,165.5289087,214.1500021,2.845044428,4.7113748555401616
252,R29-9143_12000X0003.jpg,253.png,inputs,labels,165.5289087,214.1500021,2.845044428,4.7113748555401616
253,R29-9143_12000X0003.jpg,254.png,inputs,labels,165.5289087,214.1500021,2.845044428,4.7113748555401616
254,R29-9143_12000X0003.jpg,255.png,inputs,labels,165.5289087,214.1500021,2.845044428,4.7113748555401616
255,R29-9143_12000X0003.jpg,256.png,inputs,labels,165.5289087,214.1500021,2.845044428,4.7113748555401616
256,R29-9143_12000X0003.jpg,257.png,inputs,labels,165.5289087,214.1500021,2.845044428,4.7113748555401616
257,R29-9143_12000X0003.jpg,258.png,inputs,labels,165.5289087,214.1500021,2.845044428,4.7113748555401616
258,R29-9143_12000X0003.jpg,259.png,inputs,labels,165.5289087,214.1500021,2.845044428,4.7113748555401616
259,R29-9143_12000X0003.jpg,260.png,inputs,labels,165.5289087,214.1500021,2.845044428,4.7113748555401616
260,R29-9143_12000X0003.jpg,261.png,inputs,labels,165.5289087,214.1500021,2.845044428,4.7113748555401616
261,R29-9143_12000X0003.jpg,262.png,inputs,labels,165.5289087,214.1500021,2.845044428,4.7113748555401616
262,R29-9143_12000X0003.jpg,263.png,inputs,labels,165.5289087,214.1500021,2.845044428,4.7113748555401616
263,R29-9143_12000X0003.jpg,264.png,inputs,labels,165.5289087,214.1500021,2.845044428,4.7113748555401616
264,R29-9143_12000X0004.jpg,265.png,inputs,labels,,,,
265,R29-9143_12000X0004.jpg,266.png,inputs,labels,,,,
266,R29-9143_12000X0004.jpg,267.png,inputs,labels,,,,
267,R29-9143_12000X0004.jpg,268.png,inputs,labels,,,,
268,R29-9143_12000X0004.jpg,269.png,inputs,labels,,,,
269,R29-9143_12000X0004.jpg,270.png,inputs,labels,,,,
270,R29-9143_12000X0004.jpg,271.png,inputs,labels,,,,
271,R29-9143_12000X0004.jpg,272.png,inputs,labels,,,,
272,R29-9143_12000X0004.jpg,273.png,inputs,labels,,,,
273,R29-9143_12000X0004.jpg,274.png,inputs,labels,,,,
274,R29-9143_12000X0004.jpg,275.png,inputs,labels,,,,
275,R29-9143_12000X0004.jpg,276.png,inputs,labels,,,,
276,R29-9143_12000X0004.jpg,277.png,inputs,labels,,,,
277,R29-9143_12000X0004.jpg,278.png,inputs,labels,,,,
278,R29-9143_12000X0005.jpg,279.png,inputs,labels,198.9397699,203.8748749,3.013424451,2.2747098120050913
279,R29-9143_12000X0005.jpg,280.png,inputs,labels,198.9397699,203.8748749,3.013424451,2.2747098120050913
280,R29-9143_12000X0005.jpg,281.png,inputs,labels,198.9397699,203.8748749,3.013424451,2.2747098120050913
281,R29-9143_12000X0005.jpg,282.png,inputs,labels,198.9397699,203.8748749,3.013424451,2.2747098120050913
282,R29-9143_12000X0005.jpg,283.png,inputs,labels,198.9397699,203.8748749,3.013424451,2.2747098120050913
283,R29-9143_12000X0005.jpg,284.png,inputs,labels,198.9397699,203.8748749,3.013424451,2.2747098120050913
284,R29-9143_12000X0005.jpg,285.png,inputs,labels,198.9397699,203.8748749,3.013424451,2.2747098120050913
285,R29-9143_12000X0005.jpg,286.png,inputs,labels,198.9397699,203.8748749,3.013424451,2.2747098120050913
286,R29-9143_12000X0005.jpg,287.png,inputs,labels,198.9397699,203.8748749,3.013424451,2.2747098120050913
287,R29-9143_12000X0005.jpg,288.png,inputs,labels,198.9397699,203.8748749,3.013424451,2.2747098120050913
288,R29-9143_12000X0005.jpg,289.png,inputs,labels,198.9397699,203.8748749,3.013424451,2.2747098120050913
289,R29-9143_12000X0005.jpg,290.png,inputs,labels,198.9397699,203.8748749,3.013424451,2.2747098120050913
290,R29-9143_12000X0005.jpg,291.png,inputs,labels,198.9397699,203.8748749,3.013424451,2.2747098120050913
291,R29-9143_12000X0005.jpg,292.png,inputs,labels,198.9397699,203.8748749,3.013424451,2.2747098120050913
292,R29-9143_12000X0005.jpg,293.png,inputs,labels,198.9397699,203.8748749,3.013424451,2.2747098120050913
293,R29-9143_12000X0007.jpg,294.png,inputs,labels,194.5769416,319.6747434,1.477932485,2.6831911623244236
294,R29-9143_12000X0007.jpg,295.png,inputs,labels,194.5769416,319.6747434,1.477932485,2.6831911623244236
295,R29-9143_12000X0007.jpg,296.png,inputs,labels,194.5769416,319.6747434,1.477932485,2.6831911623244236
296,R29-9143_12000X0007.jpg,297.png,inputs,labels,194.5769416,319.6747434,1.477932485,2.6831911623244236
297,R29-9143_12000X0007.jpg,298.png,inputs,labels,194.5769416,319.6747434,1.477932485,2.6831911623244236
298,R29-9143_12000X0007.jpg,299.png,inputs,labels,194.5769416,319.6747434,1.477932485,2.6831911623244236
299,R29-9143_12000X0007.jpg,300.png,inputs,labels,194.5769416,319.6747434,1.477932485,2.6831911623244236
300,R29-9143_12000X0007.jpg,301.png,inputs,labels,194.5769416,319.6747434,1.477932485,2.6831911623244236
301,R29-9143_12000X0007.jpg,302.png,inputs,labels,194.5769416,319.6747434,1.477932485,2.6831911623244236
302,R29-9143_12000X0007.jpg,303.png,inputs,labels,194.5769416,319.6747434,1.477932485,2.6831911623244236
303,R29-9143_12000X0007.jpg,304.png,inputs,labels,194.5769416,319.6747434,1.477932485,2.6831911623244236
304,R29-9143_12000X0007.jpg,305.png,inputs,labels,194.5769416,319.6747434,1.477932485,2.6831911623244236
305,R29-9143_12000X0007.jpg,306.png,inputs,labels,194.5769416,319.6747434,1.477932485,2.6831911623244236
306,R29-9143_12000X0007.jpg,307.png,inputs,labels,194.5769416,319.6747434,1.477932485,2.6831911623244236
307,R29-9143_12000X0007.jpg,308.png,inputs,labels,194.5769416,319.6747434,1.477932485,2.6831911623244236
308,R29-9143_12000X0008.jpg,309.png,inputs,labels,145.4496917,,,
309,R29-9143_12000X0008.jpg,310.png,inputs,labels,145.4496917,,,
310,R29-9143_12000X0008.jpg,311.png,inputs,labels,145.4496917,,,
311,R29-9143_12000X0008.jpg,312.png,inputs,labels,145.4496917,,,
312,R29-9143_12000X0008.jpg,313.png,inputs,labels,145.4496917,,,
313,R29-9143_12000X0008.jpg,314.png,inputs,labels,145.4496917,,,
314,R29-9143_12000X0008.jpg,315.png,inputs,labels,145.4496917,,,
315,R29-9143_12000X0008.jpg,316.png,inputs,labels,145.4496917,,,
316,R29-9143_12000X0008.jpg,317.png,inputs,labels,145.4496917,,,
317,R29-9143_12000X0008.jpg,318.png,inputs,labels,145.4496917,,,
318,R29-9143_12000X0008.jpg,319.png,inputs,labels,145.4496917,,,
319,R29-9143_12000X0008.jpg,320.png,inputs,labels,145.4496917,,,
320,R29-9143_12000X0008.jpg,321.png,inputs,labels,145.4496917,,,
321,R29-9143_12000X0008.jpg,322.png,inputs,labels,145.4496917,,,
322,R29-9143_12000X0008.jpg,323.png,inputs,labels,145.4496917,,,
323,R29-9143_12000X0009.jpg,324.png,inputs,labels,,225.5892268,2.415874323,2.3636338875184446
324,R29-9143_12000X0009.jpg,325.png,inputs,labels,,225.5892268,2.415874323,2.3636338875184446
325,R29-9143_12000X0009.jpg,326.png,inputs,labels,,225.5892268,2.415874323,2.3636338875184446
326,R29-9143_12000X0009.jpg,327.png,inputs,labels,,225.5892268,2.415874323,2.3636338875184446
327,R29-9143_12000X0009.jpg,328.png,inputs,labels,,225.5892268,2.415874323,2.3636338875184446
328,R29-9143_12000X0009.jpg,329.png,inputs,labels,,225.5892268,2.415874323,2.3636338875184446
329,R29-9143_12000X0009.jpg,330.png,inputs,labels,,225.5892268,2.415874323,2.3636338875184446
330,R29-9143_12000X0009.jpg,331.png,inputs,labels,,225.5892268,2.415874323,2.3636338875184446
331,R29-9143_12000X0009.jpg,332.png,inputs,labels,,225.5892268,2.415874323,2.3636338875184446
332,R29-9143_12000X0009.jpg,333.png,inputs,labels,,225.5892268,2.415874323,2.3636338875184446
333,R29-9143_12000X0009.jpg,334.png,inputs,labels,,225.5892268,2.415874323,2.3636338875184446
334,R29-9143_12000X0009.jpg,335.png,inputs,labels,,225.5892268,2.415874323,2.3636338875184446
335,R29-9143_12000X0009.jpg,336.png,inputs,labels,,225.5892268,2.415874323,2.3636338875184446
336,R29-9143_12000X0009.jpg,337.png,inputs,labels,,225.5892268,2.415874323,2.3636338875184446
337,R29-9143_12000X0009.jpg,338.png,inputs,labels,,225.5892268,2.415874323,2.3636338875184446
338,R29-9143_12000X0011.jpg,339.png,inputs,labels,143.495098,,,
339,R29-9143_12000X0011.jpg,340.png,inputs,labels,143.495098,,,
340,R29-9143_12000X0011.jpg,341.png,inputs,labels,143.495098,,,
341,R29-9143_12000X0011.jpg,342.png,inputs,labels,143.495098,,,
342,R29-9143_12000X0011.jpg,343.png,inputs,labels,143.495098,,,
343,R29-9143_12000X0011.jpg,344.png,inputs,labels,143.495098,,,
344,R29-9143_12000X0011.jpg,345.png,inputs,labels,143.495098,,,
345,R29-9143_12000X0011.jpg,346.png,inputs,labels,143.495098,,,
346,R29-9143_12000X0011.jpg,347.png,inputs,labels,143.495098,,,
347,R29-9143_12000X0011.jpg,348.png,inputs,labels,143.495098,,,
348,R29-9143_12000X0011.jpg,349.png,inputs,labels,143.495098,,,
349,R29-9143_12000X0011.jpg,350.png,inputs,labels,143.495098,,,
350,R29-9143_12000X0011.jpg,351.png,inputs,labels,143.495098,,,
351,R29-9143_12000X0011.jpg,352.png,inputs,labels,143.495098,,,
352,R29-9143_12000X0011.jpg,353.png,inputs,labels,143.495098,,,
353,R29-9143_12000X0012.jpg,354.png,inputs,labels,,,,
354,R29-9143_12000X0012.jpg,355.png,inputs,labels,,,,
355,R29-9143_12000X0012.jpg,356.png,inputs,labels,,,,
356,R29-9143_12000X0012.jpg,357.png,inputs,labels,,,,
357,R29-9143_12000X0012.jpg,358.png,inputs,labels,,,,
358,R29-9143_12000X0012.jpg,359.png,inputs,labels,,,,
359,R29-9143_12000X0012.jpg,360.png,inputs,labels,,,,
360,R29-9143_12000X0012.jpg,361.png,inputs,labels,,,,
361,R29-9143_12000X0012.jpg,362.png,inputs,labels,,,,
362,R29-9143_12000X0012.jpg,363.png,inputs,labels,,,,
363,R29-9143_12000X0012.jpg,364.png,inputs,labels,,,,
364,R29-9143_12000X0012.jpg,365.png,inputs,labels,,,,
365,R29-9143_12000X0012.jpg,366.png,inputs,labels,,,,
366,R29-9143_12000X0012.jpg,367.png,inputs,labels,,,,
367,R29-9143_12000X0012.jpg,368.png,inputs,labels,,,,
368,R29-9143_12000X0013.jpg,369.png,inputs,labels,192.7630208,,,
369,R29-9143_12000X0013.jpg,370.png,inputs,labels,192.7630208,,,
370,R29-9143_12000X0013.jpg,371.png,inputs,labels,192.7630208,,,
371,R29-9143_12000X0013.jpg,372.png,inputs,labels,192.7630208,,,
372,R29-9143_12000X0013.jpg,373.png,inputs,labels,192.7630208,,,
373,R29-9143_12000X0013.jpg,374.png,inputs,labels,192.7630208,,,
374,R29-9143_12000X0013.jpg,375.png,inputs,labels,192.7630208,,,
375,R29-9143_12000X0013.jpg,376.png,inputs,labels,192.7630208,,,
376,R29-9143_12000X0013.jpg,377.png,inputs,labels,192.7630208,,,
377,R29-9143_12000X0013.jpg,378.png,inputs,labels,192.7630208,,,
378,R29-9143_12000X0013.jpg,379.png,inputs,labels,192.7630208,,,
379,R29-9143_12000X0013.jpg,380.png,inputs,labels,192.7630208,,,
380,R29-9143_12000X0013.jpg,381.png,inputs,labels,192.7630208,,,
381,R29-9143_12000X0013.jpg,382.png,inputs,labels,192.7630208,,,
382,R29-9143_12000X0013.jpg,383.png,inputs,labels,192.7630208,,,
383,R30-9200_12000X0002.jpg,384.png,inputs,labels,153.6064815,208.9074417,41.99444732,0.3272334655718131
384,R30-9200_12000X0002.jpg,385.png,inputs,labels,153.6064815,208.9074417,41.99444732,0.3272334655718131
385,R30-9200_12000X0002.jpg,386.png,inputs,labels,153.6064815,208.9074417,41.99444732,0.3272334655718131
386,R30-9200_12000X0002.jpg,387.png,inputs,labels,153.6064815,208.9074417,41.99444732,0.3272334655718131
387,R30-9200_12000X0002.jpg,388.png,inputs,labels,153.6064815,208.9074417,41.99444732,0.3272334655718131
388,R30-9200_12000X0002.jpg,389.png,inputs,labels,153.6064815,208.9074417,41.99444732,0.3272334655718131
389,R30-9200_12000X0002.jpg,390.png,inputs,labels,153.6064815,208.9074417,41.99444732,0.3272334655718131
390,R30-9200_12000X0002.jpg,391.png,inputs,labels,153.6064815,208.9074417,41.99444732,0.3272334655718131
391,R30-9200_12000X0002.jpg,392.png,inputs,labels,153.6064815,208.9074417,41.99444732,0.3272334655718131
392,R30-9200_12000X0002.jpg,393.png,inputs,labels,153.6064815,208.9074417,41.99444732,0.3272334655718131
393,R30-9200_12000X0002.jpg,394.png,inputs,labels,153.6064815,208.9074417,41.99444732,0.3272334655718131
394,R30-9200_12000X0002.jpg,395.png,inputs,labels,153.6064815,208.9074417,41.99444732,0.3272334655718131
395,R30-9200_12000X0002.jpg,396.png,inputs,labels,153.6064815,208.9074417,41.99444732,0.3272334655718131
396,R30-9200_12000X0002.jpg,397.png,inputs,labels,153.6064815,208.9074417,41.99444732,0.3272334655718131
397,R30-9200_12000X0003.jpg,398.png,inputs,labels,,,,
398,R30-9200_12000X0003.jpg,399.png,inputs,labels,,,,
399,R30-9200_12000X0003.jpg,400.png,inputs,labels,,,,
400,R30-9200_12000X0003.jpg,401.png,inputs,labels,,,,
401,R30-9200_12000X0003.jpg,402.png,inputs,labels,,,,
402,R30-9200_12000X0003.jpg,403.png,inputs,labels,,,,
403,R30-9200_12000X0003.jpg,404.png,inputs,labels,,,,
404,R30-9200_12000X0003.jpg,405.png,inputs,labels,,,,
405,R30-9200_12000X0003.jpg,406.png,inputs,labels,,,,
406,R30-9200_12000X0003.jpg,407.png,inputs,labels,,,,
407,R30-9200_12000X0003.jpg,408.png,inputs,labels,,,,
408,R30-9200_12000X0003.jpg,409.png,inputs,labels,,,,
409,R30-9200_12000X0003.jpg,410.png,inputs,labels,,,,
410,R30-9200_12000X0003.jpg,411.png,inputs,labels,,,,
411,R30-9200_12000X0004.jpg,412.png,inputs,labels,164.7692308,223.3275841,17.32802026,0.19672884556032394
412,R30-9200_12000X0004.jpg,413.png,inputs,labels,164.7692308,223.3275841,17.32802026,0.19672884556032394
413,R30-9200_12000X0004.jpg,414.png,inputs,labels,164.7692308,223.3275841,17.32802026,0.19672884556032394
414,R30-9200_12000X0004.jpg,415.png,inputs,labels,164.7692308,223.3275841,17.32802026,0.19672884556032394
415,R30-9200_12000X0004.jpg,416.png,inputs,labels,164.7692308,223.3275841,17.32802026,0.19672884556032394
416,R30-9200_12000X0004.jpg,417.png,inputs,labels,164.7692308,223.3275841,17.32802026,0.19672884556032394
417,R30-9200_12000X0004.jpg,418.png,inputs,labels,164.7692308,223.3275841,17.32802026,0.19672884556032394
418,R30-9200_12000X0004.jpg,419.png,inputs,labels,164.7692308,223.3275841,17.32802026,0.19672884556032394
419,R30-9200_12000X0004.jpg,420.png,inputs,labels,164.7692308,223.3275841,17.32802026,0.19672884556032394
420,R30-9200_12000X0004.jpg,421.png,inputs,labels,164.7692308,223.3275841,17.32802026,0.19672884556032394
421,R30-9200_12000X0004.jpg,422.png,inputs,labels,164.7692308,223.3275841,17.32802026,0.19672884556032394
422,R30-9200_12000X0004.jpg,423.png,inputs,labels,164.7692308,223.3275841,17.32802026,0.19672884556032394
423,R30-9200_12000X0004.jpg,424.png,inputs,labels,164.7692308,223.3275841,17.32802026,0.19672884556032394
424,R30-9200_12000X0004.jpg,425.png,inputs,labels,164.7692308,223.3275841,17.32802026,0.19672884556032394
425,R30-9200_12000X0005.jpg,426.png,inputs,labels,170.8872549,242.3636892,34.4054316,0.28026796438346907
426,R30-9200_12000X0005.jpg,427.png,inputs,labels,170.8872549,242.3636892,34.4054316,0.28026796438346907
427,R30-9200_12000X0005.jpg,428.png,inputs,labels,170.8872549,242.3636892,34.4054316,0.28026796438346907
428,R30-9200_12000X0005.jpg,429.png,inputs,labels,170.8872549,242.3636892,34.4054316,0.28026796438346907
429,R30-9200_12000X0005.jpg,430.png,inputs,labels,170.8872549,242.3636892,34.4054316,0.28026796438346907
430,R30-9200_12000X0005.jpg,431.png,inputs,labels,170.8872549,242.3636892,34.4054316,0.28026796438346907
431,R30-9200_12000X0005.jpg,432.png,inputs,labels,170.8872549,242.3636892,34.4054316,0.28026796438346907
432,R30-9200_12000X0005.jpg,433.png,inputs,labels,170.8872549,242.3636892,34.4054316,0.28026796438346907
433,R30-9200_12000X0005.jpg,434.png,inputs,labels,170.8872549,242.3636892,34.4054316,0.28026796438346907
434,R30-9200_12000X0005.jpg,435.png,inputs,labels,170.8872549,242.3636892,34.4054316,0.28026796438346907
435,R30-9200_12000X0005.jpg,436.png,inputs,labels,170.8872549,242.3636892,34.4054316,0.28026796438346907
436,R30-9200_12000X0005.jpg,437.png,inputs,labels,170.8872549,242.3636892,34.4054316,0.28026796438346907
437,R30-9200_12000X0005.jpg,438.png,inputs,labels,170.8872549,242.3636892,34.4054316,0.28026796438346907
438,R30-9200_12000X0005.jpg,439.png,inputs,labels,170.8872549,242.3636892,34.4054316,0.28026796438346907
439,R30-9200_12000X0005.jpg,440.png,inputs,labels,170.8872549,242.3636892,34.4054316,0.28026796438346907
440,R30-9200_12000X0007.jpg,441.png,inputs,labels,174.4444444,,,
441,R30-9200_12000X0007.jpg,442.png,inputs,labels,174.4444444,,,
442,R30-9200_12000X0007.jpg,443.png,inputs,labels,174.4444444,,,
443,R30-9200_12000X0007.jpg,444.png,inputs,labels,174.4444444,,,
444,R30-9200_12000X0007.jpg,445.png,inputs,labels,174.4444444,,,
445,R30-9200_12000X0007.jpg,446.png,inputs,labels,174.4444444,,,
446,R30-9200_12000X0007.jpg,447.png,inputs,labels,174.4444444,,,
447,R30-9200_12000X0007.jpg,448.png,inputs,labels,174.4444444,,,
448,R30-9200_12000X0007.jpg,449.png,inputs,labels,174.4444444,,,
449,R30-9200_12000X0007.jpg,450.png,inputs,labels,174.4444444,,,
450,R30-9200_12000X0007.jpg,451.png,inputs,labels,174.4444444,,,
451,R30-9200_12000X0007.jpg,452.png,inputs,labels,174.4444444,,,
452,R30-9200_12000X0007.jpg,453.png,inputs,labels,174.4444444,,,
453,R30-9200_12000X0007.jpg,454.png,inputs,labels,174.4444444,,,
454,R30-9200_12000X0008.jpg,455.png,inputs,labels,167.7692308,207.4998637,17.76187455,0.31813743452843574
455,R30-9200_12000X0008.jpg,456.png,inputs,labels,167.7692308,207.4998637,17.76187455,0.31813743452843574
456,R30-9200_12000X0008.jpg,457.png,inputs,labels,167.7692308,207.4998637,17.76187455,0.31813743452843574
457,R30-9200_12000X0008.jpg,458.png,inputs,labels,167.7692308,207.4998637,17.76187455,0.31813743452843574
458,R30-9200_12000X0008.jpg,459.png,inputs,labels,167.7692308,207.4998637,17.76187455,0.31813743452843574
459,R30-9200_12000X0008.jpg,460.png,inputs,labels,167.7692308,207.4998637,17.76187455,0.31813743452843574
460,R30-9200_12000X0008.jpg,461.png,inputs,labels,167.7692308,207.4998637,17.76187455,0.31813743452843574
461,R30-9200_12000X0008.jpg,462.png,inputs,labels,167.7692308,207.4998637,17.76187455,0.31813743452843574
462,R30-9200_12000X0008.jpg,463.png,inputs,labels,167.7692308,207.4998637,17.76187455,0.31813743452843574
463,R30-9200_12000X0008.jpg,464.png,inputs,labels,167.7692308,207.4998637,17.76187455,0.31813743452843574
464,R30-9200_12000X0008.jpg,465.png,inputs,labels,167.7692308,207.4998637,17.76187455,0.31813743452843574
465,R30-9200_12000X0008.jpg,466.png,inputs,labels,167.7692308,207.4998637,17.76187455,0.31813743452843574
466,R30-9200_12000X0008.jpg,467.png,inputs,labels,167.7692308,207.4998637,17.76187455,0.31813743452843574
467,R30-9200_12000X0008.jpg,468.png,inputs,labels,167.7692308,207.4998637,17.76187455,0.31813743452843574
468,R30-9200_12000X0008.jpg,469.png,inputs,labels,167.7692308,207.4998637,17.76187455,0.31813743452843574
469,R30-9200_12000X0009.jpg,470.png,inputs,labels,,,,
470,R30-9200_12000X0009.jpg,471.png,inputs,labels,,,,
471,R30-9200_12000X0009.jpg,472.png,inputs,labels,,,,
472,R30-9200_12000X0009.jpg,473.png,inputs,labels,,,,
473,R30-9200_12000X0009.jpg,474.png,inputs,labels,,,,
474,R30-9200_12000X0009.jpg,475.png,inputs,labels,,,,
475,R30-9200_12000X0009.jpg,476.png,inputs,labels,,,,
476,R30-9200_12000X0009.jpg,477.png,inputs,labels,,,,
477,R30-9200_12000X0009.jpg,478.png,inputs,labels,,,,
478,R30-9200_12000X0009.jpg,479.png,inputs,labels,,,,
479,R30-9200_12000X0009.jpg,480.png,inputs,labels,,,,
480,R30-9200_12000X0009.jpg,481.png,inputs,labels,,,,
481,R30-9200_12000X0009.jpg,482.png,inputs,labels,,,,
482,R30-9200_12000X0009.jpg,483.png,inputs,labels,,,,
483,R30-9200_12000X0009.jpg,484.png,inputs,labels,,,,
484,R30-9200_12000X0010.jpg,485.png,inputs,labels,162.9128788,,,
485,R30-9200_12000X0010.jpg,486.png,inputs,labels,162.9128788,,,
486,R30-9200_12000X0010.jpg,487.png,inputs,labels,162.9128788,,,
487,R30-9200_12000X0010.jpg,488.png,inputs,labels,162.9128788,,,
488,R30-9200_12000X0010.jpg,489.png,inputs,labels,162.9128788,,,
489,R30-9200_12000X0010.jpg,490.png,inputs,labels,162.9128788,,,
490,R30-9200_12000X0010.jpg,491.png,inputs,labels,162.9128788,,,
491,R30-9200_12000X0010.jpg,492.png,inputs,labels,162.9128788,,,
492,R30-9200_12000X0010.jpg,493.png,inputs,labels,162.9128788,,,
493,R30-9200_12000X0010.jpg,494.png,inputs,labels,162.9128788,,,
494,R30-9200_12000X0010.jpg,495.png,inputs,labels,162.9128788,,,
495,R30-9200_12000X0010.jpg,496.png,inputs,labels,162.9128788,,,
496,R30-9200_12000X0010.jpg,497.png,inputs,labels,162.9128788,,,
497,R30-9200_12000X0012.jpg,498.png,inputs,labels,170.9507576,205.5981147,47.15215589,0.2794950099685736
498,R30-9200_12000X0012.jpg,499.png,inputs,labels,170.9507576,205.5981147,47.15215589,0.2794950099685736
499,R30-9200_12000X0012.jpg,500.png,inputs,labels,170.9507576,205.5981147,47.15215589,0.2794950099685736
500,R30-9200_12000X0012.jpg,501.png,inputs,labels,170.9507576,205.5981147,47.15215589,0.2794950099685736
501,R30-9200_12000X0012.jpg,502.png,inputs,labels,170.9507576,205.5981147,47.15215589,0.2794950099685736
502,R30-9200_12000X0012.jpg,503.png,inputs,labels,170.9507576,205.5981147,47.15215589,0.2794950099685736
503,R30-9200_12000X0012.jpg,504.png,inputs,labels,170.9507576,205.5981147,47.15215589,0.2794950099685736
504,R30-9200_12000X0012.jpg,505.png,inputs,labels,170.9507576,205.5981147,47.15215589,0.2794950099685736
505,R30-9200_12000X0012.jpg,506.png,inputs,labels,170.9507576,205.5981147,47.15215589,0.2794950099685736
506,R30-9200_12000X0012.jpg,507.png,inputs,labels,170.9507576,205.5981147,47.15215589,0.2794950099685736
507,R30-9200_12000X0012.jpg,508.png,inputs,labels,170.9507576,205.5981147,47.15215589,0.2794950099685736
508,R30-9200_12000X0012.jpg,509.png,inputs,labels,170.9507576,205.5981147,47.15215589,0.2794950099685736
509,R30-9200_12000X0012.jpg,510.png,inputs,labels,170.9507576,205.5981147,47.15215589,0.2794950099685736
510,R30-9200_12000X0012.jpg,511.png,inputs,labels,170.9507576,205.5981147,47.15215589,0.2794950099685736
511,R30-9200_12000X0012.jpg,512.png,inputs,labels,170.9507576,205.5981147,47.15215589,0.2794950099685736
512,R30-9200_12000X0013.jpg,513.png,inputs,labels,,,,
513,R30-9200_12000X0013.jpg,514.png,inputs,labels,,,,
514,R30-9200_12000X0013.jpg,515.png,inputs,labels,,,,
515,R30-9200_12000X0013.jpg,516.png,inputs,labels,,,,
516,R30-9200_12000X0013.jpg,517.png,inputs,labels,,,,
517,R30-9200_12000X0013.jpg,518.png,inputs,labels,,,,
518,R30-9200_12000X0013.jpg,519.png,inputs,labels,,,,
519,R30-9200_12000X0013.jpg,520.png,inputs,labels,,,,
520,R30-9200_12000X0013.jpg,521.png,inputs,labels,,,,
521,R30-9200_12000X0013.jpg,522.png,inputs,labels,,,,
522,R30-9200_12000X0013.jpg,523.png,inputs,labels,,,,
523,R30-9200_12000X0013.jpg,524.png,inputs,labels,,,,
524,R30-9200_12000X0013.jpg,525.png,inputs,labels,,,,
525,R30-9200_12000X0013.jpg,526.png,inputs,labels,,,,
526,R30-9200_12000X0013.jpg,527.png,inputs,labels,,,,
527,R30-9200_12000X0014.jpg,528.png,inputs,labels,,,,
528,R30-9200_12000X0014.jpg,529.png,inputs,labels,,,,
529,R30-9200_12000X0014.jpg,530.png,inputs,labels,,,,
530,R30-9200_12000X0014.jpg,531.png,inputs,labels,,,,
531,R30-9200_12000X0014.jpg,532.png,inputs,labels,,,,
532,R30-9200_12000X0014.jpg,533.png,inputs,labels,,,,
533,R30-9200_12000X0014.jpg,534.png,inputs,labels,,,,
534,R30-9200_12000X0014.jpg,535.png,inputs,labels,,,,
535,R30-9200_12000X0014.jpg,536.png,inputs,labels,,,,
536,R30-9200_12000X0014.jpg,537.png,inputs,labels,,,,
537,R30-9200_12000X0014.jpg,538.png,inputs,labels,,,,
538,R30-9200_12000X0014.jpg,539.png,inputs,labels,,,,
539,R30-9200_12000X0014.jpg,540.png,inputs,labels,,,,
540,R30-9200_12000X0015.jpg,541.png,inputs,labels,,,,
541,R30-9200_12000X0015.jpg,542.png,inputs,labels,,,,
542,R30-9200_12000X0015.jpg,543.png,inputs,labels,,,,
543,R30-9200_12000X0015.jpg,544.png,inputs,labels,,,,
544,R30-9200_12000X0015.jpg,545.png,inputs,labels,,,,
545,R30-9200_12000X0015.jpg,546.png,inputs,labels,,,,
546,R30-9200_12000X0015.jpg,547.png,inputs,labels,,,,
547,R30-9200_12000X0015.jpg,548.png,inputs,labels,,,,
548,R30-9200_12000X0015.jpg,549.png,inputs,labels,,,,
549,R30-9200_12000X0015.jpg,550.png,inputs,labels,,,,
550,R30-9200_12000X0015.jpg,551.png,inputs,labels,,,,
551,R30-9200_12000X0015.jpg,552.png,inputs,labels,,,,
552,R30-9200_12000X0015.jpg,553.png,inputs,labels,,,,
553,R30-9200_12000X0015.jpg,554.png,inputs,labels,,,,
554,R30-9200_12000X0015.jpg,555.png,inputs,labels,,,,
555,R26-7022_12000X0002.jpg,1.png,test/inputs,test/labels,176.2222222,204.7495203,2.246010843,3.127379972741301
556,R26-7022_12000X0002.jpg,2.png,test/inputs,test/labels,176.2222222,204.7495203,2.246010843,3.127379972741301
557,R26-7022_12000X0002.jpg,3.png,test/inputs,test/labels,176.2222222,204.7495203,2.246010843,3.127379972741301
558,R26-7022_12000X0002.jpg,4.png,test/inputs,test/labels,176.2222222,204.7495203,2.246010843,3.127379972741301
559,R26-7022_12000X0002.jpg,5.png,test/inputs,test/labels,176.2222222,204.7495203,2.246010843,3.127379972741301
560,R26-7022_12000X0002.jpg,6.png,test/inputs,test/labels,176.2222222,204.7495203,2.246010843,3.127379972741301
561,R26-7022_12000X0002.jpg,7.png,test/inputs,test/labels,176.2222222,204.7495203,2.246010843,3.127379972741301
562,R26-7022_12000X0002.jpg,8.png,test/inputs,test/labels,176.2222222,204.7495203,2.246010843,3.127379972741301
563,R26-7022_12000X0002.jpg,9.png,test/inputs,test/labels,176.2222222,204.7495203,2.246010843,3.127379972741301
564,R26-7022_12000X0002.jpg,10.png,test/inputs,test/labels,176.2222222,204.7495203,2.246010843,3.127379972741301
565,R26-7022_12000X0002.jpg,11.png,test/inputs,test/labels,176.2222222,204.7495203,2.246010843,3.127379972741301
566,R26-7022_12000X0002.jpg,12.png,test/inputs,test/labels,176.2222222,204.7495203,2.246010843,3.127379972741301
567,R26-7022_12000X0002.jpg,13.png,test/inputs,test/labels,176.2222222,204.7495203,2.246010843,3.127379972741301
568,R26-7022_12000X0002.jpg,14.png,test/inputs,test/labels,176.2222222,204.7495203,2.246010843,3.127379972741301
569,R26-7022_12000X0002.jpg,15.png,test/inputs,test/labels,176.2222222,204.7495203,2.246010843,3.127379972741301
570,R26-7022_12000X0003.jpg,16.png,test/inputs,test/labels,,193.0344183,2.315019989,2.110930239133128
571,R26-7022_12000X0003.jpg,17.png,test/inputs,test/labels,,193.0344183,2.315019989,2.110930239133128
572,R26-7022_12000X0003.jpg,18.png,test/inputs,test/labels,,193.0344183,2.315019989,2.110930239133128
573,R26-7022_12000X0003.jpg,19.png,test/inputs,test/labels,,193.0344183,2.315019989,2.110930239133128
574,R26-7022_12000X0003.jpg,20.png,test/inputs,test/labels,,193.0344183,2.315019989,2.110930239133128
575,R26-7022_12000X0003.jpg,21.png,test/inputs,test/labels,,193.0344183,2.315019989,2.110930239133128
576,R26-7022_12000X0003.jpg,22.png,test/inputs,test/labels,,193.0344183,2.315019989,2.110930239133128
577,R26-7022_12000X0003.jpg,23.png,test/inputs,test/labels,,193.0344183,2.315019989,2.110930239133128
578,R26-7022_12000X0003.jpg,24.png,test/inputs,test/labels,,193.0344183,2.315019989,2.110930239133128
579,R26-7022_12000X0003.jpg,25.png,test/inputs,test/labels,,193.0344183,2.315019989,2.110930239133128
580,R26-7022_12000X0003.jpg,26.png,test/inputs,test/labels,,193.0344183,2.315019989,2.110930239133128
581,R26-7022_12000X0003.jpg,27.png,test/inputs,test/labels,,193.0344183,2.315019989,2.110930239133128
582,R26-7022_12000X0003.jpg,28.png,test/inputs,test/labels,,193.0344183,2.315019989,2.110930239133128
583,R26-7022_12000X0003.jpg,29.png,test/inputs,test/labels,,193.0344183,2.315019989,2.110930239133128
584,R26-7022_12000X0003.jpg,30.png,test/inputs,test/labels,,193.0344183,2.315019989,2.110930239133128
585,R26-7022_12000X0004.jpg,31.png,test/inputs,test/labels,221.5791667,227.9088463,2.525891698,1.210702661665484
586,R26-7022_12000X0004.jpg,32.png,test/inputs,test/labels,221.5791667,227.9088463,2.525891698,1.210702661665484
587,R26-7022_12000X0004.jpg,33.png,test/inputs,test/labels,221.5791667,227.9088463,2.525891698,1.210702661665484
588,R26-7022_12000X0004.jpg,34.png,test/inputs,test/labels,221.5791667,227.9088463,2.525891698,1.210702661665484
589,R26-7022_12000X0004.jpg,35.png,test/inputs,test/labels,221.5791667,227.9088463,2.525891698,1.210702661665484
590,R26-7022_12000X0004.jpg,36.png,test/inputs,test/labels,221.5791667,227.9088463,2.525891698,1.210702661665484
591,R26-7022_12000X0004.jpg,37.png,test/inputs,test/labels,221.5791667,227.9088463,2.525891698,1.210702661665484
592,R26-7022_12000X0004.jpg,38.png,test/inputs,test/labels,221.5791667,227.9088463,2.525891698,1.210702661665484
593,R26-7022_12000X0004.jpg,39.png,test/inputs,test/labels,221.5791667,227.9088463,2.525891698,1.210702661665484
594,R26-7022_12000X0004.jpg,40.png,test/inputs,test/labels,221.5791667,227.9088463,2.525891698,1.210702661665484
595,R26-7022_12000X0004.jpg,41.png,test/inputs,test/labels,221.5791667,227.9088463,2.525891698,1.210702661665484
596,R26-7022_12000X0004.jpg,42.png,test/inputs,test/labels,221.5791667,227.9088463,2.525891698,1.210702661665484
597,R26-7022_12000X0004.jpg,43.png,test/inputs,test/labels,221.5791667,227.9088463,2.525891698,1.210702661665484
598,R26-7022_12000X0004.jpg,44.png,test/inputs,test/labels,221.5791667,227.9088463,2.525891698,1.210702661665484
599,R26-7022_12000X0004.jpg,45.png,test/inputs,test/labels,221.5791667,227.9088463,2.525891698,1.210702661665484
600,R26-7022_12000X0006.jpg,46.png,test/inputs,test/labels,237.2720588,208.3814381,2.652596028,5.180580981988983
601,R26-7022_12000X0006.jpg,47.png,test/inputs,test/labels,237.2720588,208.3814381,2.652596028,5.180580981988983
602,R26-7022_12000X0006.jpg,48.png,test/inputs,test/labels,237.2720588,208.3814381,2.652596028,5.180580981988983
603,R26-7022_12000X0006.jpg,49.png,test/inputs,test/labels,237.2720588,208.3814381,2.652596028,5.180580981988983
604,R26-7022_12000X0006.jpg,50.png,test/inputs,test/labels,237.2720588,208.3814381,2.652596028,5.180580981988983
605,R26-7022_12000X0006.jpg,51.png,test/inputs,test/labels,237.2720588,208.3814381,2.652596028,5.180580981988983
606,R26-7022_12000X0006.jpg,52.png,test/inputs,test/labels,237.2720588,208.3814381,2.652596028,5.180580981988983
607,R26-7022_12000X0006.jpg,53.png,test/inputs,test/labels,237.2720588,208.3814381,2.652596028,5.180580981988983
608,R26-7022_12000X0006.jpg,54.png,test/inputs,test/labels,237.2720588,208.3814381,2.652596028,5.180580981988983
609,R26-7022_12000X0006.jpg,55.png,test/inputs,test/labels,237.2720588,208.3814381,2.652596028,5.180580981988983
610,R26-7022_12000X0006.jpg,56.png,test/inputs,test/labels,237.2720588,208.3814381,2.652596028,5.180580981988983
611,R26-7022_12000X0006.jpg,57.png,test/inputs,test/labels,237.2720588,208.3814381,2.652596028,5.180580981988983
612,R26-7022_12000X0006.jpg,58.png,test/inputs,test/labels,237.2720588,208.3814381,2.652596028,5.180580981988983
613,R26-7022_12000X0006.jpg,59.png,test/inputs,test/labels,237.2720588,208.3814381,2.652596028,5.180580981988983
614,R26-7022_12000X0006.jpg,60.png,test/inputs,test/labels,237.2720588,208.3814381,2.652596028,5.180580981988983
615,R26-7022_12000X0007.jpg,61.png,test/inputs,test/labels,217.0606061,,,
616,R26-7022_12000X0007.jpg,62.png,test/inputs,test/labels,217.0606061,,,
617,R26-7022_12000X0007.jpg,63.png,test/inputs,test/labels,217.0606061,,,
618,R26-7022_12000X0007.jpg,64.png,test/inputs,test/labels,217.0606061,,,
619,R26-7022_12000X0007.jpg,65.png,test/inputs,test/labels,217.0606061,,,
620,R26-7022_12000X0007.jpg,66.png,test/inputs,test/labels,217.0606061,,,
621,R26-7022_12000X0007.jpg,67.png,test/inputs,test/labels,217.0606061,,,
622,R26-7022_12000X0007.jpg,68.png,test/inputs,test/labels,217.0606061,,,
623,R26-7022_12000X0007.jpg,69.png,test/inputs,test/labels,217.0606061,,,
624,R26-7022_12000X0007.jpg,70.png,test/inputs,test/labels,217.0606061,,,
625,R26-7022_12000X0007.jpg,71.png,test/inputs,test/labels,217.0606061,,,
626,R26-7022_12000X0007.jpg,72.png,test/inputs,test/labels,217.0606061,,,
627,R26-7022_12000X0007.jpg,73.png,test/inputs,test/labels,217.0606061,,,
628,R26-7022_12000X0007.jpg,74.png,test/inputs,test/labels,217.0606061,,,
629,R26-7022_12000X0007.jpg,75.png,test/inputs,test/labels,217.0606061,,,
630,R26-7022_12000X0008.jpg,76.png,test/inputs,test/labels,,,,
631,R26-7022_12000X0008.jpg,77.png,test/inputs,test/labels,,,,
632,R26-7022_12000X0008.jpg,78.png,test/inputs,test/labels,,,,
633,R26-7022_12000X0008.jpg,79.png,test/inputs,test/labels,,,,
634,R26-7022_12000X0008.jpg,80.png,test/inputs,test/labels,,,,
635,R26-7022_12000X0008.jpg,81.png,test/inputs,test/labels,,,,
636,R26-7022_12000X0008.jpg,82.png,test/inputs,test/labels,,,,
637,R26-7022_12000X0008.jpg,83.png,test/inputs,test/labels,,,,
638,R26-7022_12000X0008.jpg,84.png,test/inputs,test/labels,,,,
639,R26-7022_12000X0008.jpg,85.png,test/inputs,test/labels,,,,
640,R26-7022_12000X0008.jpg,86.png,test/inputs,test/labels,,,,
641,R26-7022_12000X0008.jpg,87.png,test/inputs,test/labels,,,,
642,R26-7022_12000X0008.jpg,88.png,test/inputs,test/labels,,,,
643,R26-7022_12000X0008.jpg,89.png,test/inputs,test/labels,,,,
644,R26-7022_12000X0008.jpg,90.png,test/inputs,test/labels,,,,
645,R26-7022_12000X0010.jpg,91.png,test/inputs,test/labels,164.4166667,,,
646,R26-7022_12000X0010.jpg,92.png,test/inputs,test/labels,164.4166667,,,
647,R26-7022_12000X0010.jpg,93.png,test/inputs,test/labels,164.4166667,,,
648,R26-7022_12000X0010.jpg,94.png,test/inputs,test/labels,164.4166667,,,
649,R26-7022_12000X0010.jpg,95.png,test/inputs,test/labels,164.4166667,,,
650,R26-7022_12000X0010.jpg,96.png,test/inputs,test/labels,164.4166667,,,
651,R26-7022_12000X0010.jpg,97.png,test/inputs,test/labels,164.4166667,,,
652,R26-7022_12000X0010.jpg,98.png,test/inputs,test/labels,164.4166667,,,
653,R26-7022_12000X0010.jpg,99.png,test/inputs,test/labels,164.4166667,,,
654,R26-7022_12000X0010.jpg,100.png,test/inputs,test/labels,164.4166667,,,
655,R26-7022_12000X0010.jpg,101.png,test/inputs,test/labels,164.4166667,,,
656,R26-7022_12000X0010.jpg,102.png,test/inputs,test/labels,164.4166667,,,
657,R26-7022_12000X0010.jpg,103.png,test/inputs,test/labels,164.4166667,,,
658,R26-7022_12000X0010.jpg,104.png,test/inputs,test/labels,164.4166667,,,
659,R26-7022_12000X0010.jpg,105.png,test/inputs,test/labels,164.4166667,,,
660,R26-7022_12000X0011.jpg,106.png,test/inputs,test/labels,,170.5523132,3.189241676,3.1846164543416795
661,R26-7022_12000X0011.jpg,107.png,test/inputs,test/labels,,170.5523132,3.189241676,3.1846164543416795
662,R26-7022_12000X0011.jpg,108.png,test/inputs,test/labels,,170.5523132,3.189241676,3.1846164543416795
663,R26-7022_12000X0011.jpg,109.png,test/inputs,test/labels,,170.5523132,3.189241676,3.1846164543416795
664,R26-7022_12000X0011.jpg,110.png,test/inputs,test/labels,,170.5523132,3.189241676,3.1846164543416795
665,R26-7022_12000X0011.jpg,111.png,test/inputs,test/labels,,170.5523132,3.189241676,3.1846164543416795
666,R26-7022_12000X0011.jpg,112.png,test/inputs,test/labels,,170.5523132,3.189241676,3.1846164543416795
667,R26-7022_12000X0011.jpg,113.png,test/inputs,test/labels,,170.5523132,3.189241676,3.1846164543416795
668,R26-7022_12000X0011.jpg,114.png,test/inputs,test/labels,,170.5523132,3.189241676,3.1846164543416795
669,R26-7022_12000X0011.jpg,115.png,test/inputs,test/labels,,170.5523132,3.189241676,3.1846164543416795
670,R26-7022_12000X0011.jpg,116.png,test/inputs,test/labels,,170.5523132,3.189241676,3.1846164543416795
671,R26-7022_12000X0011.jpg,117.png,test/inputs,test/labels,,170.5523132,3.189241676,3.1846164543416795
672,R26-7022_12000X0011.jpg,118.png,test/inputs,test/labels,,170.5523132,3.189241676,3.1846164543416795
673,R26-7022_12000X0011.jpg,119.png,test/inputs,test/labels,,170.5523132,3.189241676,3.1846164543416795
674,R26-7022_12000X0011.jpg,120.png,test/inputs,test/labels,,170.5523132,3.189241676,3.1846164543416795
675,R27-7056_12000X0002.jpg,121.png,test/inputs,test/labels,137.7916667,214.3911765,2.130144263,3.7015086980029057
676,R27-7056_12000X0002.jpg,122.png,test/inputs,test/labels,137.7916667,214.3911765,2.130144263,3.7015086980029057
677,R27-7056_12000X0002.jpg,123.png,test/inputs,test/labels,137.7916667,214.3911765,2.130144263,3.7015086980029057
678,R27-7056_12000X0002.jpg,124.png,test/inputs,test/labels,137.7916667,214.3911765,2.130144263,3.7015086980029057
679,R27-7056_12000X0002.jpg,125.png,test/inputs,test/labels,137.7916667,214.3911765,2.130144263,3.7015086980029057
680,R27-7056_12000X0002.jpg,126.png,test/inputs,test/labels,137.7916667,214.3911765,2.130144263,3.7015086980029057
681,R27-7056_12000X0002.jpg,127.png,test/inputs,test/labels,137.7916667,214.3911765,2.130144263,3.7015086980029057
682,R27-7056_12000X0002.jpg,128.png,test/inputs,test/labels,137.7916667,214.3911765,2.130144263,3.7015086980029057
683,R27-7056_12000X0002.jpg,129.png,test/inputs,test/labels,137.7916667,214.3911765,2.130144263,3.7015086980029057
684,R27-7056_12000X0002.jpg,130.png,test/inputs,test/labels,137.7916667,214.3911765,2.130144263,3.7015086980029057
685,R27-7056_12000X0002.jpg,131.png,test/inputs,test/labels,137.7916667,214.3911765,2.130144263,3.7015086980029057
686,R27-7056_12000X0002.jpg,132.png,test/inputs,test/labels,137.7916667,214.3911765,2.130144263,3.7015086980029057
687,R27-7056_12000X0002.jpg,133.png,test/inputs,test/labels,137.7916667,214.3911765,2.130144263,3.7015086980029057
688,R27-7056_12000X0002.jpg,134.png,test/inputs,test/labels,137.7916667,214.3911765,2.130144263,3.7015086980029057
